<?xml version="1.0" encoding="utf-8"?>
<!--/1417723/1150582/2.50/9/4/Connector/-->
<quadcept_library>
  <setting unit="mil" />
  <textstyle name="Default" height="47.244094488189" strokewidth="7.8740157480315" charwidth="47.244094488189" />
  <textstyle name="Dimension" height="19.6850393700787" strokewidth="0" charwidth="19.6850393700787" />
  <textstyle name="H127W0635TH00762" height="50" strokewidth="3" charwidth="25" />
  <textstyle name="H15W15TH02" height="59.0551181102362" strokewidth="7.8740157480315" charwidth="59.0551181102362" />
  <padstyle name="r225_50" surface="True" plated="False" isvia="False" nopaste="False" nomask="True" complex="False" holesize="0">
    <padshape layer="TOP" shape="rectangle" width="19.685039370078" height="88.582677165353" />
    <padshape layer="TOP_SOLDER_MASK" shape="rectangle" width="27.55905511811" height="96.456692913385" />
    <padshape layer="TOP_SOLDER_PASTE" shape="rectangle" width="19.685039370078" height="88.582677165353" />
  </padstyle>
  <padstyle name="r250_200" surface="True" plated="False" isvia="False" nopaste="False" nomask="True" complex="False" holesize="0">
    <padshape layer="TOP" shape="rectangle" width="78.740157480314" height="98.425196850392" />
    <padshape layer="TOP_SOLDER_MASK" shape="rectangle" width="86.614173228345" height="106.29921259842" />
    <padshape layer="TOP_SOLDER_PASTE" shape="rectangle" width="78.740157480314" height="98.425196850392" />
  </padstyle>
  <footprint name="5075BMR05SM" originx="0" originy="0" pickpointx="0" pickpointy="0">
    <pcbpin number="1" name="1" style="r225_50" originx="-62.992125984251" originy="137.59842519685" rotation="0" />
    <pcbpin number="2" name="2" style="r225_50" originx="-31.496062992126" originy="137.59842519685" rotation="0" />
    <pcbpin number="3" name="3" style="r225_50" originx="0" originy="137.59842519685" rotation="0" />
    <pcbpin number="4" name="4" style="r225_50" originx="31.496062992126" originy="137.59842519685" rotation="0" />
    <pcbpin number="5" name="5" style="r225_50" originx="62.992125984251" originy="137.59842519685" rotation="0" />
    <pcbpin number="6" name="6" style="r250_200" originx="-175.1968503937" originy="132.67716535433" rotation="0" />
    <pcbpin number="7" name="7" style="r250_200" originx="-175.1968503937" originy="-83.858267716534" rotation="0" />
    <pcbpin number="8" name="8" style="r250_200" originx="175.1968503937" originy="-83.858267716534" rotation="0" />
    <pcbpin number="9" name="9" style="r250_200" originx="175.1968503937" originy="132.67716535433" rotation="0" />
    <line layer="TOP_ASSEMBLY" originx="-151.5748031496" originy="162.59842519685" endx="151.5748031496" endy="162.59842519685" width="7.8740157480314" />
    <line layer="TOP_ASSEMBLY" originx="151.5748031496" originy="162.59842519685" endx="151.5748031496" endy="-199.6062992126" width="7.8740157480314" />
    <line layer="TOP_ASSEMBLY" originx="151.5748031496" originy="-199.6062992126" endx="-151.5748031496" endy="-199.6062992126" width="7.8740157480314" />
    <line layer="TOP_ASSEMBLY" originx="-151.5748031496" originy="-199.6062992126" endx="-151.5748031496" endy="162.59842519685" width="7.8740157480314" />
    <line layer="TOP_PLACE_BOUND" originx="-253.93700787401" originy="238.97637795275" endx="253.93700787401" endy="238.97637795275" width="3.9370078740157" />
    <line layer="TOP_PLACE_BOUND" originx="253.93700787401" originy="238.97637795275" endx="253.93700787401" endy="-238.97637795275" width="3.9370078740157" />
    <line layer="TOP_PLACE_BOUND" originx="253.93700787401" originy="-238.97637795275" endx="-253.93700787401" endy="-238.97637795275" width="3.9370078740157" />
    <line layer="TOP_PLACE_BOUND" originx="-253.93700787401" originy="-238.97637795275" endx="-253.93700787401" endy="238.97637795275" width="3.9370078740157" />
    <line layer="TOP_SILKSCREEN" originx="-151.5748031496" originy="-142.91338582677" endx="-151.5748031496" endy="-199.6062992126" width="3.9370078740157" />
    <line layer="TOP_SILKSCREEN" originx="-151.5748031496" originy="-199.6062992126" endx="151.5748031496" endy="-199.6062992126" width="3.9370078740157" />
    <line layer="TOP_SILKSCREEN" originx="151.5748031496" originy="-199.6062992126" endx="151.5748031496" endy="-142.91338582677" width="3.9370078740157" />
    <line layer="TOP_SILKSCREEN" originx="-151.5748031496" originy="73.622047244094" endx="-151.5748031496" endy="-24.803149606299" width="3.9370078740157" />
    <line layer="TOP_SILKSCREEN" originx="151.5748031496" originy="73.622047244094" endx="151.5748031496" endy="-24.803149606299" width="3.9370078740157" />
    <line layer="TOP_SILKSCREEN" originx="-66.929133858267" originy="195.66929133858" endx="-66.929133858267" endy="195.66929133858" width="7.8740157480314" />
    <arc layer="TOP_SILKSCREEN" originx="-62.992125984251" originy="195.66929133858" startangle="180.0" sweepangle="-180.0" radius="3.9370078740157" width="7.8740157480314" />
    <line layer="TOP_SILKSCREEN" originx="-59.055118110235" originy="195.66929133858" endx="-59.055118110235" endy="195.66929133858" width="7.8740157480314" />
    <arc layer="TOP_SILKSCREEN" originx="-62.992125984251" originy="195.66929133858" startangle=".0" sweepangle="-180.0" radius="3.9370078740157" width="7.8740157480314" />
  </footprint>
  <symbol name="5075BMR-05-SM" originx="0" originy="0">
    <line originx="200" originy="100" endx="600" endy="100" width="0" />
    <line originx="600" originy="-500" endx="600" endy="100" width="0" />
    <line originx="600" originy="-500" endx="200" endy="-500" width="0" />
    <line originx="200" originy="100" endx="200" endy="-500" width="0" />
    <sympin number="1" originx="200" originy="0" rotation="180" length="100" width="7.8740157480315" flipped="False">
      <text name="pinname" originx="230" originy="0" style="Default" rotation="0" justify="left" flipped="False" hidden="False" data="1" />
      <text name="pindes" originx="140" originy="20" style="Default" rotation="0" justify="lowerright" flipped="False" hidden="False" data="1" />
    </sympin>
    <sympin number="2" originx="200" originy="-100" rotation="180" length="100" width="7.8740157480315" flipped="False">
      <text name="pinname" originx="230" originy="-100" style="Default" rotation="0" justify="left" flipped="False" hidden="False" data="2" />
      <text name="pindes" originx="140" originy="-80" style="Default" rotation="0" justify="lowerright" flipped="False" hidden="False" data="2" />
    </sympin>
    <sympin number="3" originx="200" originy="-200" rotation="180" length="100" width="7.8740157480315" flipped="False">
      <text name="pinname" originx="230" originy="-200" style="Default" rotation="0" justify="left" flipped="False" hidden="False" data="3" />
      <text name="pindes" originx="140" originy="-180" style="Default" rotation="0" justify="lowerright" flipped="False" hidden="False" data="3" />
    </sympin>
    <sympin number="4" originx="200" originy="-300" rotation="180" length="100" width="7.8740157480315" flipped="False">
      <text name="pinname" originx="230" originy="-300" style="Default" rotation="0" justify="left" flipped="False" hidden="False" data="4" />
      <text name="pindes" originx="140" originy="-280" style="Default" rotation="0" justify="lowerright" flipped="False" hidden="False" data="4" />
    </sympin>
    <sympin number="5" originx="200" originy="-400" rotation="180" length="100" width="7.8740157480315" flipped="False">
      <text name="pinname" originx="230" originy="-400" style="Default" rotation="0" justify="left" flipped="False" hidden="False" data="5" />
      <text name="pindes" originx="140" originy="-380" style="Default" rotation="0" justify="lowerright" flipped="False" hidden="False" data="5" />
    </sympin>
    <sympin number="6" originx="600" originy="0" rotation="0" length="100" width="7.8740157480315" flipped="False">
      <text name="pinname" originx="570" originy="0" style="Default" rotation="0" justify="right" flipped="False" hidden="False" data="6" />
      <text name="pindes" originx="660" originy="20" style="Default" rotation="0" justify="lowerleft" flipped="False" hidden="False" data="6" />
    </sympin>
    <sympin number="7" originx="600" originy="-100" rotation="0" length="100" width="7.8740157480315" flipped="False">
      <text name="pinname" originx="570" originy="-100" style="Default" rotation="0" justify="right" flipped="False" hidden="False" data="7" />
      <text name="pindes" originx="660" originy="-80" style="Default" rotation="0" justify="lowerleft" flipped="False" hidden="False" data="7" />
    </sympin>
    <sympin number="8" originx="600" originy="-200" rotation="0" length="100" width="7.8740157480315" flipped="False">
      <text name="pinname" originx="570" originy="-200" style="Default" rotation="0" justify="right" flipped="False" hidden="False" data="8" />
      <text name="pindes" originx="660" originy="-180" style="Default" rotation="0" justify="lowerleft" flipped="False" hidden="False" data="8" />
    </sympin>
    <sympin number="9" originx="600" originy="-300" rotation="0" length="100" width="7.8740157480315" flipped="False">
      <text name="pinname" originx="570" originy="-300" style="Default" rotation="0" justify="right" flipped="False" hidden="False" data="9" />
      <text name="pindes" originx="660" originy="-280" style="Default" rotation="0" justify="lowerleft" flipped="False" hidden="False" data="9" />
    </sympin>
  </symbol>
  <component name="5075BMR-05-SM" designatorprefix="J" height="157.48031496063" footprint="5075BMR05SM">
    <comppin designator="1" sympin="1" pinswap="0" gateswap="0" gate="1" group="1" side="" type="Any" name="1" />
    <comppin designator="2" sympin="2" pinswap="0" gateswap="0" gate="1" group="1" side="" type="Any" name="2" />
    <comppin designator="3" sympin="3" pinswap="0" gateswap="0" gate="1" group="1" side="" type="Any" name="3" />
    <comppin designator="4" sympin="4" pinswap="0" gateswap="0" gate="1" group="1" side="" type="Any" name="4" />
    <comppin designator="5" sympin="5" pinswap="0" gateswap="0" gate="1" group="1" side="" type="Any" name="5" />
    <comppin designator="6" sympin="6" pinswap="0" gateswap="0" gate="1" group="1" side="" type="Any" name="6" />
    <comppin designator="7" sympin="7" pinswap="0" gateswap="0" gate="1" group="1" side="" type="Any" name="7" />
    <comppin designator="8" sympin="8" pinswap="0" gateswap="0" gate="1" group="1" side="" type="Any" name="8" />
    <comppin designator="9" sympin="9" pinswap="0" gateswap="0" gate="1" group="1" side="" type="Any" name="9" />
    <attached_symbol gate="1" name="5075BMR-05-SM" />
    <pinmap designator="1" footprintpin="1" />
    <pinmap designator="2" footprintpin="2" />
    <pinmap designator="3" footprintpin="3" />
    <pinmap designator="4" footprintpin="4" />
    <pinmap designator="5" footprintpin="5" />
    <pinmap designator="6" footprintpin="6" />
    <pinmap designator="7" footprintpin="7" />
    <pinmap designator="8" footprintpin="8" />
    <pinmap designator="9" footprintpin="9" />
    <text name="Datasheet" originx="0" originy="0" style="Default" rotation="0" justify="" flipped="False" hidden="True" data="http://www.ibselectronics.com/ibsstore/datasheet/5075BMR-05-SM-CR.pdf" />
    <text name="Description" originx="0" originy="0" style="Default" rotation="0" justify="" flipped="False" hidden="True" data="Mini USB Socket, 5 pin, b type" />
    <text name="Manufacturer_Name" originx="0" originy="0" style="Default" rotation="0" justify="" flipped="False" hidden="True" data="NELTRON" />
    <text name="Manufacturer_Part_Number" originx="650" originy="200" style="Default" rotation="0" justify="left" flipped="False" hidden="False" data="5075BMR-05-SM" />
    <text name="Mouser Part Number" originx="0" originy="0" style="Default" rotation="0" justify="" flipped="False" hidden="True" data="" />
    <text name="Mouser Price/Stock" originx="0" originy="0" style="Default" rotation="0" justify="" flipped="False" hidden="True" data="" />
    <text name="Arrow Part Number" originx="0" originy="0" style="Default" rotation="0" justify="" flipped="False" hidden="True" data="" />
    <text name="Arrow Price/Stock" originx="0" originy="0" style="Default" rotation="0" justify="" flipped="False" hidden="True" data="" />
  </component>
</quadcept_library>
