<?xml version="1.0" encoding="utf-8"?>
<!--/181436/1150582/2.50/8/3/Integrated Circuit/-->
<quadcept_library>
  <setting unit="mil" />
  <textstyle name="Default" height="47.244094488189" strokewidth="7.8740157480315" charwidth="47.244094488189" />
  <textstyle name="Dimension" height="19.6850393700787" strokewidth="0" charwidth="19.6850393700787" />
  <textstyle name="H127W0635TH00762" height="50" strokewidth="3" charwidth="25" />
  <textstyle name="H15W15TH02" height="59.0551181102362" strokewidth="7.8740157480315" charwidth="59.0551181102362" />
  <padstyle name="c113_h73" surface="False" plated="True" isvia="False" nopaste="True" nomask="True" complex="False" holesize="28.740157480315">
    <padshape layer="TOP" shape="round" width="44.488188976377" height="44.488188976377" />
    <padshape layer="TOP_SOLDER_MASK" shape="round" width="52.362204724409" height="52.362204724409" />
    <padshape layer="INNER" shape="round" width="44.488188976377" height="44.488188976377" />
    <padshape layer="BOTTOM" shape="round" width="44.488188976377" height="44.488188976377" />
    <padshape layer="BOTTOM_SOLDER_MASK" shape="round" width="52.362204724409" height="52.362204724409" />
  </padstyle>
  <padstyle name="s113_h73" surface="False" plated="True" isvia="False" nopaste="True" nomask="True" complex="False" holesize="28.740157480315">
    <padshape layer="TOP" shape="square" width="44.488188976377" height="44.488188976377" />
    <padshape layer="TOP_SOLDER_MASK" shape="square" width="52.362204724409" height="52.362204724409" />
    <padshape layer="INNER" shape="round" width="44.488188976377" height="44.488188976377" />
    <padshape layer="BOTTOM" shape="square" width="44.488188976377" height="44.488188976377" />
    <padshape layer="BOTTOM_SOLDER_MASK" shape="square" width="52.362204724409" height="52.362204724409" />
  </padstyle>
  <footprint name="DIP794W53P254L959H508Q8N" originx="0" originy="0" pickpointx="0" pickpointy="0">
    <pcbpin number="1" name="1" style="s113_h73" originx="-156.29921259842" originy="150" rotation="90" />
    <pcbpin number="2" name="2" style="c113_h73" originx="-156.29921259842" originy="49.999999999999" rotation="90" />
    <pcbpin number="3" name="3" style="c113_h73" originx="-156.29921259842" originy="-49.999999999999" rotation="90" />
    <pcbpin number="4" name="4" style="c113_h73" originx="-156.29921259842" originy="-150" rotation="90" />
    <pcbpin number="5" name="5" style="c113_h73" originx="156.29921259842" originy="-150" rotation="90" />
    <pcbpin number="6" name="6" style="c113_h73" originx="156.29921259842" originy="-49.999999999999" rotation="90" />
    <pcbpin number="7" name="7" style="c113_h73" originx="156.29921259842" originy="49.999999999999" rotation="90" />
    <pcbpin number="8" name="8" style="c113_h73" originx="156.29921259842" originy="150" rotation="90" />
    <line layer="TOP_PLACE_BOUND" originx="-194.68503937008" originy="209.84251968504" endx="194.68503937008" endy="209.84251968504" width="1.9685039370079" />
    <line layer="TOP_PLACE_BOUND" originx="194.68503937008" originy="209.84251968504" endx="194.68503937008" endy="-209.84251968504" width="1.9685039370079" />
    <line layer="TOP_PLACE_BOUND" originx="194.68503937008" originy="-209.84251968504" endx="-194.68503937008" endy="-209.84251968504" width="1.9685039370079" />
    <line layer="TOP_PLACE_BOUND" originx="-194.68503937008" originy="-209.84251968504" endx="-194.68503937008" endy="209.84251968504" width="1.9685039370079" />
    <line layer="TOP_ASSEMBLY" originx="-129.92125984252" originy="200" endx="129.92125984252" endy="200" width="3.9370078740157" />
    <line layer="TOP_ASSEMBLY" originx="129.92125984252" originy="200" endx="129.92125984252" endy="-200" width="3.9370078740157" />
    <line layer="TOP_ASSEMBLY" originx="129.92125984252" originy="-200" endx="-129.92125984252" endy="-200" width="3.9370078740157" />
    <line layer="TOP_ASSEMBLY" originx="-129.92125984252" originy="-200" endx="-129.92125984252" endy="200" width="3.9370078740157" />
    <line layer="TOP_ASSEMBLY" originx="-129.92125984252" originy="150" endx="-79.921259842519" endy="200" width="3.9370078740157" />
    <line layer="TOP_SILKSCREEN" originx="-178.54330708661" originy="200" endx="129.92125984252" endy="200" width="7.8740157480314" />
    <line layer="TOP_SILKSCREEN" originx="-129.92125984252" originy="-200" endx="129.92125984252" endy="-200" width="7.8740157480314" />
  </footprint>
  <symbol name="LM393P" originx="0" originy="0">
    <line originx="200" originy="100" endx="1100" endy="100" width="0" />
    <line originx="1100" originy="-400" endx="1100" endy="100" width="0" />
    <line originx="1100" originy="-400" endx="200" endy="-400" width="0" />
    <line originx="200" originy="100" endx="200" endy="-400" width="0" />
    <sympin number="1" originx="200" originy="0" rotation="180" length="100" width="7.8740157480315" flipped="False">
      <text name="pinname" originx="230" originy="0" style="Default" rotation="0" justify="left" flipped="False" hidden="False" data="1OUT" />
      <text name="pindes" originx="140" originy="20" style="Default" rotation="0" justify="lowerright" flipped="False" hidden="False" data="1" />
    </sympin>
    <sympin number="2" originx="200" originy="-100" rotation="180" length="100" width="7.8740157480315" flipped="False">
      <text name="pinname" originx="230" originy="-100" style="Default" rotation="0" justify="left" flipped="False" hidden="False" data="1IN-" />
      <text name="pindes" originx="140" originy="-80" style="Default" rotation="0" justify="lowerright" flipped="False" hidden="False" data="2" />
    </sympin>
    <sympin number="3" originx="200" originy="-200" rotation="180" length="100" width="7.8740157480315" flipped="False">
      <text name="pinname" originx="230" originy="-200" style="Default" rotation="0" justify="left" flipped="False" hidden="False" data="1IN+" />
      <text name="pindes" originx="140" originy="-180" style="Default" rotation="0" justify="lowerright" flipped="False" hidden="False" data="3" />
    </sympin>
    <sympin number="4" originx="200" originy="-300" rotation="180" length="100" width="7.8740157480315" flipped="False">
      <text name="pinname" originx="230" originy="-300" style="Default" rotation="0" justify="left" flipped="False" hidden="False" data="GND" />
      <text name="pindes" originx="140" originy="-280" style="Default" rotation="0" justify="lowerright" flipped="False" hidden="False" data="4" />
    </sympin>
    <sympin number="8" originx="1100" originy="0" rotation="0" length="100" width="7.8740157480315" flipped="False">
      <text name="pinname" originx="1070" originy="0" style="Default" rotation="0" justify="right" flipped="False" hidden="False" data="VCC" />
      <text name="pindes" originx="1160" originy="20" style="Default" rotation="0" justify="lowerleft" flipped="False" hidden="False" data="8" />
    </sympin>
    <sympin number="7" originx="1100" originy="-100" rotation="0" length="100" width="7.8740157480315" flipped="False">
      <text name="pinname" originx="1070" originy="-100" style="Default" rotation="0" justify="right" flipped="False" hidden="False" data="2OUT" />
      <text name="pindes" originx="1160" originy="-80" style="Default" rotation="0" justify="lowerleft" flipped="False" hidden="False" data="7" />
    </sympin>
    <sympin number="6" originx="1100" originy="-200" rotation="0" length="100" width="7.8740157480315" flipped="False">
      <text name="pinname" originx="1070" originy="-200" style="Default" rotation="0" justify="right" flipped="False" hidden="False" data="2IN-" />
      <text name="pindes" originx="1160" originy="-180" style="Default" rotation="0" justify="lowerleft" flipped="False" hidden="False" data="6" />
    </sympin>
    <sympin number="5" originx="1100" originy="-300" rotation="0" length="100" width="7.8740157480315" flipped="False">
      <text name="pinname" originx="1070" originy="-300" style="Default" rotation="0" justify="right" flipped="False" hidden="False" data="2IN+" />
      <text name="pindes" originx="1160" originy="-280" style="Default" rotation="0" justify="lowerleft" flipped="False" hidden="False" data="5" />
    </sympin>
  </symbol>
  <component name="LM393P" designatorprefix="IC" height="200" footprint="DIP794W53P254L959H508Q8N">
    <comppin designator="1" sympin="1" pinswap="0" gateswap="0" gate="1" group="1" side="" type="Any" name="1OUT" />
    <comppin designator="2" sympin="2" pinswap="0" gateswap="0" gate="1" group="1" side="" type="Any" name="1IN-" />
    <comppin designator="3" sympin="3" pinswap="0" gateswap="0" gate="1" group="1" side="" type="Any" name="1IN+" />
    <comppin designator="4" sympin="4" pinswap="0" gateswap="0" gate="1" group="1" side="" type="Any" name="GND" />
    <comppin designator="5" sympin="5" pinswap="0" gateswap="0" gate="1" group="1" side="" type="Any" name="2IN+" />
    <comppin designator="6" sympin="6" pinswap="0" gateswap="0" gate="1" group="1" side="" type="Any" name="2IN-" />
    <comppin designator="7" sympin="7" pinswap="0" gateswap="0" gate="1" group="1" side="" type="Any" name="2OUT" />
    <comppin designator="8" sympin="8" pinswap="0" gateswap="0" gate="1" group="1" side="" type="Any" name="VCC" />
    <attached_symbol gate="1" name="LM393P" />
    <pinmap designator="1" footprintpin="1" />
    <pinmap designator="2" footprintpin="2" />
    <pinmap designator="3" footprintpin="3" />
    <pinmap designator="4" footprintpin="4" />
    <pinmap designator="5" footprintpin="5" />
    <pinmap designator="6" footprintpin="6" />
    <pinmap designator="7" footprintpin="7" />
    <pinmap designator="8" footprintpin="8" />
    <text name="Datasheet" originx="0" originy="0" style="Default" rotation="0" justify="" flipped="False" hidden="True" data="http://www.ti.com/lit/ds/symlink/lm393.pdf" />
    <text name="Description" originx="0" originy="0" style="Default" rotation="0" justify="" flipped="False" hidden="True" data="LM393P, Dual Comparator Open Collector 1.3us 12 V, 15 V, 18 V, 24 V, 28 V, 3 V, 5 V, 9 V 8-Pin PDIP" />
    <text name="Manufacturer_Name" originx="0" originy="0" style="Default" rotation="0" justify="" flipped="False" hidden="True" data="Texas Instruments" />
    <text name="Manufacturer_Part_Number" originx="1150" originy="200" style="Default" rotation="0" justify="left" flipped="False" hidden="False" data="LM393P" />
    <text name="Mouser Part Number" originx="0" originy="0" style="Default" rotation="0" justify="" flipped="False" hidden="True" data="595-LM393P" />
    <text name="Mouser Price/Stock" originx="0" originy="0" style="Default" rotation="0" justify="" flipped="False" hidden="True" data="https://www.mouser.co.uk/ProductDetail/Texas-Instruments/LM393P?qs=1K8%2FAQHn5WT5g4otW1rg%2Fg%3D%3D" />
    <text name="Arrow Part Number" originx="0" originy="0" style="Default" rotation="0" justify="" flipped="False" hidden="True" data="LM393P" />
    <text name="Arrow Price/Stock" originx="0" originy="0" style="Default" rotation="0" justify="" flipped="False" hidden="True" data="https://www.arrow.com/en/products/lm393p/texas-instruments?region=nac" />
  </component>
</quadcept_library>
