<?xml version="1.0" encoding="utf-8"?>
<!--/11588494/1150582/2.50/4/3/Transistor/-->
<quadcept_library>
  <setting unit="mil" />
  <textstyle name="Default" height="47.244094488189" strokewidth="7.8740157480315" charwidth="47.244094488189" />
  <textstyle name="Dimension" height="19.6850393700787" strokewidth="0" charwidth="19.6850393700787" />
  <textstyle name="H127W0635TH00762" height="50" strokewidth="3" charwidth="25" />
  <textstyle name="H15W15TH02" height="59.0551181102362" strokewidth="7.8740157480315" charwidth="59.0551181102362" />
  <padstyle name="c120_h80" surface="False" plated="True" isvia="False" nopaste="True" nomask="True" complex="False" holesize="31.496062992126">
    <padshape layer="TOP" shape="round" width="47.244094488188" height="47.244094488188" />
    <padshape layer="TOP_SOLDER_MASK" shape="round" width="55.11811023622" height="55.11811023622" />
    <padshape layer="INNER" shape="round" width="47.244094488188" height="47.244094488188" />
    <padshape layer="BOTTOM" shape="round" width="47.244094488188" height="47.244094488188" />
    <padshape layer="BOTTOM_SOLDER_MASK" shape="round" width="55.11811023622" height="55.11811023622" />
  </padstyle>
  <padstyle name="s120_h80" surface="False" plated="True" isvia="False" nopaste="True" nomask="True" complex="False" holesize="31.496062992126">
    <padshape layer="TOP" shape="square" width="47.244094488188" height="47.244094488188" />
    <padshape layer="TOP_SOLDER_MASK" shape="square" width="55.11811023622" height="55.11811023622" />
    <padshape layer="INNER" shape="round" width="47.244094488188" height="47.244094488188" />
    <padshape layer="BOTTOM" shape="square" width="47.244094488188" height="47.244094488188" />
    <padshape layer="BOTTOM_SOLDER_MASK" shape="square" width="55.11811023622" height="55.11811023622" />
  </padstyle>
  <footprint name="DIP762W60P254L460H450Q4N" originx="0" originy="0" pickpointx="0" pickpointy="0">
    <pcbpin number="1" name="1" style="s120_h80" originx="-150" originy="49.999999999999" rotation="90" />
    <pcbpin number="2" name="2" style="c120_h80" originx="-150" originy="-49.999999999999" rotation="90" />
    <pcbpin number="3" name="3" style="c120_h80" originx="150" originy="-49.999999999999" rotation="90" />
    <pcbpin number="4" name="4" style="c120_h80" originx="150" originy="49.999999999999" rotation="90" />
    <line layer="TOP_PLACE_BOUND" originx="-189.37007874016" originy="110.23622047244" endx="189.37007874016" endy="110.23622047244" width="1.9685039370079" />
    <line layer="TOP_PLACE_BOUND" originx="189.37007874016" originy="110.23622047244" endx="189.37007874016" endy="-110.23622047244" width="1.9685039370079" />
    <line layer="TOP_PLACE_BOUND" originx="189.37007874016" originy="-110.23622047244" endx="-189.37007874016" endy="-110.23622047244" width="1.9685039370079" />
    <line layer="TOP_PLACE_BOUND" originx="-189.37007874016" originy="-110.23622047244" endx="-189.37007874016" endy="110.23622047244" width="1.9685039370079" />
    <line layer="TOP_ASSEMBLY" originx="-137.79527559055" originy="100.3937007874" endx="137.79527559055" endy="100.3937007874" width="3.9370078740157" />
    <line layer="TOP_ASSEMBLY" originx="137.79527559055" originy="100.3937007874" endx="137.79527559055" endy="-100.3937007874" width="3.9370078740157" />
    <line layer="TOP_ASSEMBLY" originx="137.79527559055" originy="-100.3937007874" endx="-137.79527559055" endy="-100.3937007874" width="3.9370078740157" />
    <line layer="TOP_ASSEMBLY" originx="-137.79527559055" originy="-100.3937007874" endx="-137.79527559055" endy="100.3937007874" width="3.9370078740157" />
    <line layer="TOP_ASSEMBLY" originx="-137.79527559055" originy="50.393700787401" endx="-87.79527559055" endy="100.3937007874" width="3.9370078740157" />
    <line layer="TOP_SILKSCREEN" originx="-173.62204724409" originy="100.3937007874" endx="137.79527559055" endy="100.3937007874" width="7.8740157480314" />
    <line layer="TOP_SILKSCREEN" originx="-137.79527559055" originy="-100.3937007874" endx="137.79527559055" endy="-100.3937007874" width="7.8740157480314" />
  </footprint>
  <symbol name="PC817X3NSZ9F" originx="0" originy="0">
    <line originx="200" originy="100" endx="1300" endy="100" width="0" />
    <line originx="1300" originy="-200" endx="1300" endy="100" width="0" />
    <line originx="1300" originy="-200" endx="200" endy="-200" width="0" />
    <line originx="200" originy="100" endx="200" endy="-200" width="0" />
    <sympin number="1" originx="200" originy="0" rotation="180" length="100" width="7.8740157480315" flipped="False">
      <text name="pinname" originx="230" originy="0" style="Default" rotation="0" justify="left" flipped="False" hidden="False" data="ANODE" />
      <text name="pindes" originx="140" originy="20" style="Default" rotation="0" justify="lowerright" flipped="False" hidden="False" data="1" />
    </sympin>
    <sympin number="2" originx="200" originy="-100" rotation="180" length="100" width="7.8740157480315" flipped="False">
      <text name="pinname" originx="230" originy="-100" style="Default" rotation="0" justify="left" flipped="False" hidden="False" data="CATHODE" />
      <text name="pindes" originx="140" originy="-80" style="Default" rotation="0" justify="lowerright" flipped="False" hidden="False" data="2" />
    </sympin>
    <sympin number="4" originx="1300" originy="0" rotation="0" length="100" width="7.8740157480315" flipped="False">
      <text name="pinname" originx="1270" originy="0" style="Default" rotation="0" justify="right" flipped="False" hidden="False" data="COLLECTOR" />
      <text name="pindes" originx="1360" originy="20" style="Default" rotation="0" justify="lowerleft" flipped="False" hidden="False" data="4" />
    </sympin>
    <sympin number="3" originx="1300" originy="-100" rotation="0" length="100" width="7.8740157480315" flipped="False">
      <text name="pinname" originx="1270" originy="-100" style="Default" rotation="0" justify="right" flipped="False" hidden="False" data="EMITTER" />
      <text name="pindes" originx="1360" originy="-80" style="Default" rotation="0" justify="lowerleft" flipped="False" hidden="False" data="3" />
    </sympin>
  </symbol>
  <component name="PC817X3NSZ9F" designatorprefix="Q" height="177.16535433071" footprint="DIP762W60P254L460H450Q4N">
    <comppin designator="1" sympin="1" pinswap="0" gateswap="0" gate="1" group="1" side="" type="Any" name="ANODE" />
    <comppin designator="2" sympin="2" pinswap="0" gateswap="0" gate="1" group="1" side="" type="Any" name="CATHODE" />
    <comppin designator="3" sympin="3" pinswap="0" gateswap="0" gate="1" group="1" side="" type="Any" name="EMITTER" />
    <comppin designator="4" sympin="4" pinswap="0" gateswap="0" gate="1" group="1" side="" type="Any" name="COLLECTOR" />
    <attached_symbol gate="1" name="PC817X3NSZ9F" />
    <pinmap designator="1" footprintpin="1" />
    <pinmap designator="2" footprintpin="2" />
    <pinmap designator="3" footprintpin="3" />
    <pinmap designator="4" footprintpin="4" />
    <text name="Datasheet" originx="0" originy="0" style="Default" rotation="0" justify="" flipped="False" hidden="True" data="http://www.socle-tech.com/doc/IC Channel Product/Optoelectronic Components/Photocoupler/PC817X_NSZ9FSeries_SPEC.pdf" />
    <text name="Description" originx="0" originy="0" style="Default" rotation="0" justify="" flipped="False" hidden="True" data="Transistor Output Optocouplers Photocoupler" />
    <text name="Manufacturer_Name" originx="0" originy="0" style="Default" rotation="0" justify="" flipped="False" hidden="True" data="Sharp Microelectronics" />
    <text name="Manufacturer_Part_Number" originx="1350" originy="200" style="Default" rotation="0" justify="left" flipped="False" hidden="False" data="PC817X3NSZ9F" />
    <text name="Mouser Part Number" originx="0" originy="0" style="Default" rotation="0" justify="" flipped="False" hidden="True" data="852-PC817X3NSZ9F" />
    <text name="Mouser Price/Stock" originx="0" originy="0" style="Default" rotation="0" justify="" flipped="False" hidden="True" data="https://www.mouser.co.uk/ProductDetail/Sharp-Microelectronics/PC817X3NSZ9F?qs=rrS6PyfT74dWYZr%252B0rlaOw%3D%3D" />
    <text name="Arrow Part Number" originx="0" originy="0" style="Default" rotation="0" justify="" flipped="False" hidden="True" data="" />
    <text name="Arrow Price/Stock" originx="0" originy="0" style="Default" rotation="0" justify="" flipped="False" hidden="True" data="" />
  </component>
</quadcept_library>
