<?xml version="1.0" encoding="utf-8"?>
<!--/179424/1150582/2.50/3/3/Integrated Circuit/-->
<quadcept_library>
  <setting unit="mil" />
  <textstyle name="Default" height="47.244094488189" strokewidth="7.8740157480315" charwidth="47.244094488189" />
  <textstyle name="Dimension" height="19.6850393700787" strokewidth="0" charwidth="19.6850393700787" />
  <textstyle name="H127W0635TH00762" height="50" strokewidth="3" charwidth="25" />
  <textstyle name="H15W15TH02" height="59.0551181102362" strokewidth="7.8740157480315" charwidth="59.0551181102362" />
  <padstyle name="c198_h132" surface="False" plated="True" isvia="False" nopaste="True" nomask="True" complex="False" holesize="51.968503937007">
    <padshape layer="TOP" shape="round" width="77.952755905511" height="77.952755905511" />
    <padshape layer="TOP_SOLDER_MASK" shape="round" width="85.826771653542" height="85.826771653542" />
    <padshape layer="INNER" shape="round" width="77.952755905511" height="77.952755905511" />
    <padshape layer="BOTTOM" shape="round" width="77.952755905511" height="77.952755905511" />
    <padshape layer="BOTTOM_SOLDER_MASK" shape="round" width="85.826771653542" height="85.826771653542" />
  </padstyle>
  <padstyle name="s198_h132" surface="False" plated="True" isvia="False" nopaste="True" nomask="True" complex="False" holesize="51.968503937007">
    <padshape layer="TOP" shape="square" width="77.952755905511" height="77.952755905511" />
    <padshape layer="TOP_SOLDER_MASK" shape="square" width="85.826771653542" height="85.826771653542" />
    <padshape layer="INNER" shape="round" width="77.952755905511" height="77.952755905511" />
    <padshape layer="BOTTOM" shape="square" width="77.952755905511" height="77.952755905511" />
    <padshape layer="BOTTOM_SOLDER_MASK" shape="square" width="85.826771653542" height="85.826771653542" />
  </padstyle>
  <footprint name="TO255P460X1020X2008-3P" originx="0" originy="0" pickpointx="0" pickpointy="0">
    <pcbpin number="1" name="1" style="s198_h132" originx="0" originy="0" rotation="90" />
    <pcbpin number="2" name="2" style="c198_h132" originx="100.3937007874" originy="0" rotation="90" />
    <pcbpin number="3" name="3" style="c198_h132" originx="200.7874015748" originy="0" rotation="90" />
    <line layer="TOP_PLACE_BOUND" originx="-114.17322834646" originy="130.70866141732" endx="314.96062992126" endy="130.70866141732" width="1.9685039370079" />
    <line layer="TOP_PLACE_BOUND" originx="314.96062992126" originy="130.70866141732" endx="314.96062992126" endy="-70.078740157479" width="1.9685039370079" />
    <line layer="TOP_PLACE_BOUND" originx="314.96062992126" originy="-70.078740157479" endx="-114.17322834646" endy="-70.078740157479" width="1.9685039370079" />
    <line layer="TOP_PLACE_BOUND" originx="-114.17322834646" originy="-70.078740157479" endx="-114.17322834646" endy="130.70866141732" width="1.9685039370079" />
    <line layer="TOP_ASSEMBLY" originx="-104.33070866142" originy="120.86614173228" endx="305.11811023622" endy="120.86614173228" width="3.9370078740157" />
    <line layer="TOP_ASSEMBLY" originx="305.11811023622" originy="120.86614173228" endx="305.11811023622" endy="-60.23622047244" width="3.9370078740157" />
    <line layer="TOP_ASSEMBLY" originx="305.11811023622" originy="-60.23622047244" endx="-104.33070866142" endy="-60.23622047244" width="3.9370078740157" />
    <line layer="TOP_ASSEMBLY" originx="-104.33070866142" originy="-60.23622047244" endx="-104.33070866142" endy="120.86614173228" width="3.9370078740157" />
    <line layer="TOP_ASSEMBLY" originx="-104.33070866142" originy="70.669291338582" endx="-54.133858267716" endy="120.86614173228" width="3.9370078740157" />
    <line layer="TOP_SILKSCREEN" originx="305.11811023622" originy="-60.23622047244" endx="305.11811023622" endy="120.86614173228" width="7.8740157480314" />
    <line layer="TOP_SILKSCREEN" originx="305.11811023622" originy="120.86614173228" endx="-104.33070866142" endy="120.86614173228" width="7.8740157480314" />
    <line layer="TOP_SILKSCREEN" originx="-104.33070866142" originy="120.86614173228" endx="-104.33070866142" endy="0" width="7.8740157480314" />
  </footprint>
  <symbol name="L7805ACV" originx="0" originy="0">
    <line originx="-100" originy="800" endx="300" endy="800" width="0" />
    <line originx="300" originy="200" endx="300" endy="800" width="0" />
    <line originx="300" originy="200" endx="-100" endy="200" width="0" />
    <line originx="-100" originy="800" endx="-100" endy="200" width="0" />
    <sympin number="1" originx="0" originy="200" rotation="270" length="100" width="7.8740157480315" flipped="False">
      <text name="pinname" originx="0" originy="230" style="Default" rotation="0" justify="left" flipped="False" hidden="False" data="INPUT" />
      <text name="pindes" originx="-20" originy="140" style="Default" rotation="0" justify="lowerright" flipped="False" hidden="False" data="1" />
    </sympin>
    <sympin number="2" originx="100" originy="200" rotation="270" length="100" width="7.8740157480315" flipped="False">
      <text name="pinname" originx="100" originy="230" style="Default" rotation="0" justify="left" flipped="False" hidden="False" data="GND" />
      <text name="pindes" originx="80" originy="140" style="Default" rotation="0" justify="lowerright" flipped="False" hidden="False" data="2" />
    </sympin>
    <sympin number="3" originx="200" originy="200" rotation="270" length="100" width="7.8740157480315" flipped="False">
      <text name="pinname" originx="200" originy="230" style="Default" rotation="0" justify="left" flipped="False" hidden="False" data="OUTPUT" />
      <text name="pindes" originx="180" originy="140" style="Default" rotation="0" justify="lowerright" flipped="False" hidden="False" data="3" />
    </sympin>
  </symbol>
  <component name="L7805ACV" designatorprefix="IC" height="181.10236220472" footprint="TO255P460X1020X2008-3P">
    <comppin designator="1" sympin="1" pinswap="0" gateswap="0" gate="1" group="1" side="" type="Any" name="INPUT" />
    <comppin designator="2" sympin="2" pinswap="0" gateswap="0" gate="1" group="1" side="" type="Any" name="GND" />
    <comppin designator="3" sympin="3" pinswap="0" gateswap="0" gate="1" group="1" side="" type="Any" name="OUTPUT" />
    <attached_symbol gate="1" name="L7805ACV" />
    <pinmap designator="1" footprintpin="1" />
    <pinmap designator="2" footprintpin="2" />
    <pinmap designator="3" footprintpin="3" />
    <text name="Datasheet" originx="0" originy="0" style="Default" rotation="0" justify="" flipped="False" hidden="True" data="http://www.st.com/web/en/resource/technical/document/datasheet/CD00000444.pdf" />
    <text name="Description" originx="0" originy="0" style="Default" rotation="0" justify="" flipped="False" hidden="True" data="Linear voltage regulator,L7805ACV 5V 1A STMicroelectronics L7805ACV, Single Linear Voltage Regulator, 1A 5 V, 2%, 3-Pin TO-220" />
    <text name="Manufacturer_Name" originx="0" originy="0" style="Default" rotation="0" justify="" flipped="False" hidden="True" data="STMicroelectronics" />
    <text name="Manufacturer_Part_Number" originx="350" originy="900" style="Default" rotation="0" justify="left" flipped="False" hidden="False" data="L7805ACV" />
    <text name="Mouser Part Number" originx="0" originy="0" style="Default" rotation="0" justify="" flipped="False" hidden="True" data="511-L7805ACV" />
    <text name="Mouser Price/Stock" originx="0" originy="0" style="Default" rotation="0" justify="" flipped="False" hidden="True" data="https://www.mouser.co.uk/ProductDetail/STMicroelectronics/L7805ACV?qs=xv3lWMc77RdYd2PeLwOwYw%3D%3D" />
    <text name="Arrow Part Number" originx="0" originy="0" style="Default" rotation="0" justify="" flipped="False" hidden="True" data="L7805ACV" />
    <text name="Arrow Price/Stock" originx="0" originy="0" style="Default" rotation="0" justify="" flipped="False" hidden="True" data="https://www.arrow.com/en/products/l7805acv/stmicroelectronics?utm_currency=USD&amp;region=europe" />
  </component>
</quadcept_library>
