<?xml version="1.0" encoding="utf-8"?>
<!--/374799/1645537/2.50/2/4/Capacitor/-->
<quadcept_library>
  <setting unit="mil" />
  <textstyle name="Default" height="47.244094488189" strokewidth="7.8740157480315" charwidth="47.244094488189" />
  <textstyle name="Dimension" height="19.6850393700787" strokewidth="0" charwidth="19.6850393700787" />
  <textstyle name="H127W0635TH00762" height="50" strokewidth="3" charwidth="25" />
  <textstyle name="H15W15TH02" height="59.0551181102362" strokewidth="7.8740157480315" charwidth="59.0551181102362" />
  <padstyle name="c151.5_h101" surface="False" plated="True" isvia="False" nopaste="True" nomask="True" complex="False" holesize="39.763779527559">
    <padshape layer="TOP" shape="round" width="59.645669291338" height="59.645669291338" />
    <padshape layer="TOP_SOLDER_MASK" shape="round" width="67.519685039369" height="67.519685039369" />
    <padshape layer="INNER" shape="round" width="59.645669291338" height="59.645669291338" />
    <padshape layer="BOTTOM" shape="round" width="59.645669291338" height="59.645669291338" />
    <padshape layer="BOTTOM_SOLDER_MASK" shape="round" width="67.519685039369" height="67.519685039369" />
  </padstyle>
  <footprint name="564R60GAD10" originx="0" originy="0" pickpointx="0" pickpointy="0">
    <pcbpin number="1" name="1" style="c151.5_h101" originx="0" originy="0" rotation="90" />
    <pcbpin number="2" name="2" style="c151.5_h101" originx="374.01574803149" originy="-173.22834645669" rotation="90" />
    <line layer="TOP_ASSEMBLY" originx="-13.779527559055" originy="49.212598425196" endx="387.79527559055" endy="49.212598425196" width="7.8740157480314" />
    <line layer="TOP_ASSEMBLY" originx="387.79527559055" originy="49.212598425196" endx="387.79527559055" endy="-222.44094488189" width="7.8740157480314" />
    <line layer="TOP_ASSEMBLY" originx="387.79527559055" originy="-222.44094488189" endx="-13.779527559055" endy="-222.44094488189" width="7.8740157480314" />
    <line layer="TOP_ASSEMBLY" originx="-13.779527559055" originy="-222.44094488189" endx="-13.779527559055" endy="49.212598425196" width="7.8740157480314" />
    <line layer="TOP_PLACE_BOUND" originx="-69.212598425196" originy="88.582677165353" endx="443.22834645669" endy="88.582677165353" width="3.9370078740157" />
    <line layer="TOP_PLACE_BOUND" originx="443.22834645669" originy="88.582677165353" endx="443.22834645669" endy="-267.71653543307" width="3.9370078740157" />
    <line layer="TOP_PLACE_BOUND" originx="443.22834645669" originy="-267.71653543307" endx="-69.212598425196" endy="-267.71653543307" width="3.9370078740157" />
    <line layer="TOP_PLACE_BOUND" originx="-69.212598425196" originy="-267.71653543307" endx="-69.212598425196" endy="88.582677165353" width="3.9370078740157" />
    <line layer="TOP_SILKSCREEN" originx="-13.779527559055" originy="49.212598425196" endx="387.79527559055" endy="49.212598425196" width="3.9370078740157" />
    <line layer="TOP_SILKSCREEN" originx="387.79527559055" originy="49.212598425196" endx="387.79527559055" endy="-122.04724409449" width="3.9370078740157" />
    <line layer="TOP_SILKSCREEN" originx="-13.779527559055" originy="-51.181102362204" endx="-13.779527559055" endy="-228.34645669291" width="3.9370078740157" />
    <line layer="TOP_SILKSCREEN" originx="-13.779527559055" originy="-222.44094488189" endx="387.79527559055" endy="-222.44094488189" width="3.9370078740157" />
  </footprint>
  <symbol name="564R60GAD10" originx="0" originy="0">
    <line originx="220" originy="100" endx="220" endy="-100" width="0" />
    <line originx="280" originy="100" endx="280" endy="-100" width="0" />
    <line originx="200" originy="0" endx="220" endy="0" width="0" />
    <line originx="280" originy="0" endx="300" endy="0" width="0" />
    <sympin number="1" originx="200" originy="0" rotation="180" length="100" width="7.8740157480315" flipped="False">
      <text name="pinname" originx="0" originy="-10" style="Default" rotation="0" justify="upperleft" flipped="False" hidden="True" data="1" />
      <text name="pindes" originx="0" originy="10" style="Default" rotation="0" justify="lowerleft" flipped="False" hidden="False" data="1" />
    </sympin>
    <sympin number="2" originx="300" originy="0" rotation="0" length="100" width="7.8740157480315" flipped="False">
      <text name="pinname" originx="500" originy="-10" style="Default" rotation="0" justify="upperright" flipped="False" hidden="True" data="2" />
      <text name="pindes" originx="500" originy="10" style="Default" rotation="0" justify="lowerright" flipped="False" hidden="False" data="2" />
    </sympin>
  </symbol>
  <component name="564R60GAD10" designatorprefix="C" height="401.5748031496" footprint="564R60GAD10">
    <comppin designator="1" sympin="1" pinswap="0" gateswap="0" gate="1" group="1" side="" type="Any" name="1" />
    <comppin designator="2" sympin="2" pinswap="0" gateswap="0" gate="1" group="1" side="" type="Any" name="2" />
    <attached_symbol gate="1" name="564R60GAD10" />
    <pinmap designator="1" footprintpin="1" />
    <pinmap designator="2" footprintpin="2" />
    <text name="Datasheet" originx="0" originy="0" style="Default" rotation="0" justify="" flipped="False" hidden="True" data="https://componentsearchengine.com/Datasheets/1/564R60GAD10.pdf" />
    <text name="Description" originx="0" originy="0" style="Default" rotation="0" justify="" flipped="False" hidden="True" data="Cap Ceramic Single 0.001uF 6000V Z5U 20% (10.2 X 6.9mm) Radial 9.5mm 105C Bulk" />
    <text name="Manufacturer_Name" originx="0" originy="0" style="Default" rotation="0" justify="" flipped="False" hidden="True" data="Vishay" />
    <text name="Manufacturer_Part_Number" originx="350" originy="150" style="Default" rotation="0" justify="left" flipped="False" hidden="False" data="564R60GAD10" />
    <text name="Mouser Part Number" originx="0" originy="0" style="Default" rotation="0" justify="" flipped="False" hidden="True" data="75-564R60GAD10" />
    <text name="Mouser Price/Stock" originx="0" originy="0" style="Default" rotation="0" justify="" flipped="False" hidden="True" data="https://www.mouser.co.uk/ProductDetail/Vishay/564R60GAD10?qs=xrnNvQC1SKQV3fR046g7Jg%3D%3D" />
    <text name="Arrow Part Number" originx="0" originy="0" style="Default" rotation="0" justify="" flipped="False" hidden="True" data="564R60GAD10" />
    <text name="Arrow Price/Stock" originx="0" originy="0" style="Default" rotation="0" justify="" flipped="False" hidden="True" data="https://www.arrow.com/en/products/564r60gad10/vishay?region=nac" />
  </component>
</quadcept_library>
